accuracy,balanced_accuracy,precision,recall,f1,roc_auc,avg_precision,threshold
0.7865979899497487,0.7812592278899556,0.571177987197724,0.7700290275761974,0.6540012582674815,0.851619889119889,0.6923477789261427,0.5
