,precision,recall,f1-score,support,score
0,0.8193079880392995,0.7806267806267806,0.799499791579825,2457.0,
1,0.5317115551694179,0.591304347826087,0.5599268069533394,1035.0,
accuracy,0.7245131729667812,0.7245131729667812,0.7245131729667812,0.7245131729667812,0.7245131729667812
macro avg,0.6755097716043588,0.6859655642264337,0.6797132992665822,3492.0,
weighted avg,0.7340667772660099,0.7245131729667812,0.7284923347962018,3492.0,
AUROC,,,,,0.5934899596735347
AUPRC,,,,,0.40084835821719367
balanced_accuracy,,,,,0.6859655642264337
