,precision,recall,f1-score,support,score
0,0.9851851851851852,0.36092265943012214,0.5283018867924528,737.0,
1,0.35302197802197804,0.9846743295019157,0.5197168857431749,261.0,
accuracy,0.5240480961923848,0.5240480961923848,0.5240480961923848,0.5240480961923848,0.5240480961923848
macro avg,0.6691035816035816,0.6727984944660189,0.5240093862678139,998.0,
weighted avg,0.8198599376204586,0.5240480961923848,0.526056711167341,998.0,
AUROC,,,,,0.42187703072932103
AUPRC,,,,,0.21622886713249626
balanced_accuracy,,,,,0.6727984944660189
