{"mean": [0.05514231741704599], "scale": [0.008345923543783848]}